{"cameraMode":{"drawMode":0,"name":"Shaded","section":"Shading Mode"},"sceneLighting":false,"audioPlay":false,"sceneViewState":{"showFog":true,"showMaterialUpdate":false,"showSkybox":true,"showFlares":true,"showImageEffects":true,"showParticleSystems":true},"in2DMode":false,"pivot":{"x":-2.808382987976074,"y":6.974480152130127,"z":3.110286235809326},"rotation":{"x":0.03017144277691841,"y":0.7146644592285156,"z":0.030885810032486917,"w":-0.6981350183486939},"size":18.697509765625,"orthographic":false}